firstname,lastname,email1,email2,profession
Barbara,Maroney,Barbara.Maroney@yopmail.com,Barbara.Maroney@gmail.com,firefighter
Dode,Thornburg,Dode.Thornburg@yopmail.com,Dode.Thornburg@gmail.com,developer
Taffy,Baylor,Taffy.Baylor@yopmail.com,Taffy.Baylor@gmail.com,firefighter
Mady,Jacobah,Mady.Jacobah@yopmail.com,Mady.Jacobah@gmail.com,firefighter
Josephine,Gordon,Josephine.Gordon@yopmail.com,Josephine.Gordon@gmail.com,doctor
Anthia,Ezar,Anthia.Ezar@yopmail.com,Anthia.Ezar@gmail.com,worker
Sherrie,Roarke,Sherrie.Roarke@yopmail.com,Sherrie.Roarke@gmail.com,firefighter
Doralynne,Dielu,Doralynne.Dielu@yopmail.com,Doralynne.Dielu@gmail.com,doctor
Berta,Malvino,Berta.Malvino@yopmail.com,Berta.Malvino@gmail.com,firefighter
Iseabal,Lemuela,Iseabal.Lemuela@yopmail.com,Iseabal.Lemuela@gmail.com,firefighter
Gaylene,Weide,Gaylene.Weide@yopmail.com,Gaylene.Weide@gmail.com,police officer
Krystle,Bigner,Krystle.Bigner@yopmail.com,Krystle.Bigner@gmail.com,worker
Shirlee,Uund,Shirlee.Uund@yopmail.com,Shirlee.Uund@gmail.com,worker
Caressa,Niccolo,Caressa.Niccolo@yopmail.com,Caressa.Niccolo@gmail.com,police officer
Rani,Ludewig,Rani.Ludewig@yopmail.com,Rani.Ludewig@gmail.com,doctor
Gwyneth,Jalbert,Gwyneth.Jalbert@yopmail.com,Gwyneth.Jalbert@gmail.com,worker
Paola,Zuzana,Paola.Zuzana@yopmail.com,Paola.Zuzana@gmail.com,doctor
Farrah,Erich,Farrah.Erich@yopmail.com,Farrah.Erich@gmail.com,developer
Maye,Lindemann,Maye.Lindemann@yopmail.com,Maye.Lindemann@gmail.com,developer
Genevra,Rudolph,Genevra.Rudolph@yopmail.com,Genevra.Rudolph@gmail.com,police officer
Silvana,O'Neill,Silvana.O'Neill@yopmail.com,Silvana.O'Neill@gmail.com,firefighter
Cam,Strephon,Cam.Strephon@yopmail.com,Cam.Strephon@gmail.com,doctor
Miquela,Francene,Miquela.Francene@yopmail.com,Miquela.Francene@gmail.com,firefighter
Gusty,Stoller,Gusty.Stoller@yopmail.com,Gusty.Stoller@gmail.com,worker
Beverley,Reidar,Beverley.Reidar@yopmail.com,Beverley.Reidar@gmail.com,worker
Deedee,Smitt,Deedee.Smitt@yopmail.com,Deedee.Smitt@gmail.com,doctor
Carmela,Sammons,Carmela.Sammons@yopmail.com,Carmela.Sammons@gmail.com,doctor
Theodora,Reidar,Theodora.Reidar@yopmail.com,Theodora.Reidar@gmail.com,firefighter
Rivalee,Hull,Rivalee.Hull@yopmail.com,Rivalee.Hull@gmail.com,developer
Myrtice,Warthman,Myrtice.Warthman@yopmail.com,Myrtice.Warthman@gmail.com,police officer
Monika,Elvyn,Monika.Elvyn@yopmail.com,Monika.Elvyn@gmail.com,developer
Gratia,Wiener,Gratia.Wiener@yopmail.com,Gratia.Wiener@gmail.com,police officer
Georgetta,Joli,Georgetta.Joli@yopmail.com,Georgetta.Joli@gmail.com,worker
Christy,Screens,Christy.Screens@yopmail.com,Christy.Screens@gmail.com,police officer
Selma,Kauppi,Selma.Kauppi@yopmail.com,Selma.Kauppi@gmail.com,developer
Randa,Jorgan,Randa.Jorgan@yopmail.com,Randa.Jorgan@gmail.com,worker
Drucie,Delila,Drucie.Delila@yopmail.com,Drucie.Delila@gmail.com,doctor
Tamqrah,Cassius,Tamqrah.Cassius@yopmail.com,Tamqrah.Cassius@gmail.com,worker
Sissy,Hazlett,Sissy.Hazlett@yopmail.com,Sissy.Hazlett@gmail.com,worker
Rayna,Buckler,Rayna.Buckler@yopmail.com,Rayna.Buckler@gmail.com,firefighter
Deloria,Glenden,Deloria.Glenden@yopmail.com,Deloria.Glenden@gmail.com,worker
Penelopa,Abbot,Penelopa.Abbot@yopmail.com,Penelopa.Abbot@gmail.com,firefighter
Oralee,Darrell,Oralee.Darrell@yopmail.com,Oralee.Darrell@gmail.com,police officer
Cathyleen,Middleton,Cathyleen.Middleton@yopmail.com,Cathyleen.Middleton@gmail.com,worker
Elsie,Buckler,Elsie.Buckler@yopmail.com,Elsie.Buckler@gmail.com,developer
Bernie,Carleen,Bernie.Carleen@yopmail.com,Bernie.Carleen@gmail.com,firefighter
Lexine,Alice,Lexine.Alice@yopmail.com,Lexine.Alice@gmail.com,police officer
Tani,Roche,Tani.Roche@yopmail.com,Tani.Roche@gmail.com,developer
Krystle,Colleen,Krystle.Colleen@yopmail.com,Krystle.Colleen@gmail.com,police officer
Netty,Shaver,Netty.Shaver@yopmail.com,Netty.Shaver@gmail.com,firefighter
Ira,Lubin,Ira.Lubin@yopmail.com,Ira.Lubin@gmail.com,firefighter
Jessy,Joseph,Jessy.Joseph@yopmail.com,Jessy.Joseph@gmail.com,worker
Fina,Letsou,Fina.Letsou@yopmail.com,Fina.Letsou@gmail.com,developer
Ninnetta,Pandolfi,Ninnetta.Pandolfi@yopmail.com,Ninnetta.Pandolfi@gmail.com,firefighter
Raf,Ricki,Raf.Ricki@yopmail.com,Raf.Ricki@gmail.com,firefighter
Luci,Morgun,Luci.Morgun@yopmail.com,Luci.Morgun@gmail.com,doctor
Tina,Kathie,Tina.Kathie@yopmail.com,Tina.Kathie@gmail.com,firefighter
Amara,Haerr,Amara.Haerr@yopmail.com,Amara.Haerr@gmail.com,firefighter
Tierney,Melony,Tierney.Melony@yopmail.com,Tierney.Melony@gmail.com,police officer
Marguerite,Bonucci,Marguerite.Bonucci@yopmail.com,Marguerite.Bonucci@gmail.com,worker
Audrie,Rossner,Audrie.Rossner@yopmail.com,Audrie.Rossner@gmail.com,police officer
Thalia,Korey,Thalia.Korey@yopmail.com,Thalia.Korey@gmail.com,developer
Coral,Publia,Coral.Publia@yopmail.com,Coral.Publia@gmail.com,developer
Glynnis,Dimitris,Glynnis.Dimitris@yopmail.com,Glynnis.Dimitris@gmail.com,firefighter
Jsandye,Concha,Jsandye.Concha@yopmail.com,Jsandye.Concha@gmail.com,worker
Kenna,Mintz,Kenna.Mintz@yopmail.com,Kenna.Mintz@gmail.com,police officer
Eadie,Etom,Eadie.Etom@yopmail.com,Eadie.Etom@gmail.com,police officer
Katuscha,Rosemary,Katuscha.Rosemary@yopmail.com,Katuscha.Rosemary@gmail.com,firefighter
Mariele,Sheng,Mariele.Sheng@yopmail.com,Mariele.Sheng@gmail.com,firefighter
Quintina,Hoenack,Quintina.Hoenack@yopmail.com,Quintina.Hoenack@gmail.com,firefighter
Peri,Jerold,Peri.Jerold@yopmail.com,Peri.Jerold@gmail.com,firefighter
Luci,Docilla,Luci.Docilla@yopmail.com,Luci.Docilla@gmail.com,worker
Julieta,O'Carroll,Julieta.O'Carroll@yopmail.com,Julieta.O'Carroll@gmail.com,worker
Dania,Germann,Dania.Germann@yopmail.com,Dania.Germann@gmail.com,developer
Gerianna,Killigrew,Gerianna.Killigrew@yopmail.com,Gerianna.Killigrew@gmail.com,firefighter
Amara,Autrey,Amara.Autrey@yopmail.com,Amara.Autrey@gmail.com,developer
Ada,Philipp,Ada.Philipp@yopmail.com,Ada.Philipp@gmail.com,firefighter
Phedra,Zaslow,Phedra.Zaslow@yopmail.com,Phedra.Zaslow@gmail.com,doctor
Annabela,Madaih,Annabela.Madaih@yopmail.com,Annabela.Madaih@gmail.com,doctor
Beth,Elbertina,Beth.Elbertina@yopmail.com,Beth.Elbertina@gmail.com,firefighter
Nicoli,Swigart,Nicoli.Swigart@yopmail.com,Nicoli.Swigart@gmail.com,police officer
Ketti,Jacqui,Ketti.Jacqui@yopmail.com,Ketti.Jacqui@gmail.com,police officer
Debee,Killigrew,Debee.Killigrew@yopmail.com,Debee.Killigrew@gmail.com,police officer
Desirae,Ezar,Desirae.Ezar@yopmail.com,Desirae.Ezar@gmail.com,developer
Atlanta,Jary,Atlanta.Jary@yopmail.com,Atlanta.Jary@gmail.com,police officer
Delilah,Raffo,Delilah.Raffo@yopmail.com,Delilah.Raffo@gmail.com,firefighter
Lizzie,Holbrook,Lizzie.Holbrook@yopmail.com,Lizzie.Holbrook@gmail.com,developer
Pamella,Stuart,Pamella.Stuart@yopmail.com,Pamella.Stuart@gmail.com,developer
Tybie,Cath,Tybie.Cath@yopmail.com,Tybie.Cath@gmail.com,developer
Emilia,Teryn,Emilia.Teryn@yopmail.com,Emilia.Teryn@gmail.com,worker
Thalia,Gunn,Thalia.Gunn@yopmail.com,Thalia.Gunn@gmail.com,police officer
Fred,Janith,Fred.Janith@yopmail.com,Fred.Janith@gmail.com,police officer
Audrie,Rustice,Audrie.Rustice@yopmail.com,Audrie.Rustice@gmail.com,worker
Kittie,Pattin,Kittie.Pattin@yopmail.com,Kittie.Pattin@gmail.com,doctor
Mathilda,Dannye,Mathilda.Dannye@yopmail.com,Mathilda.Dannye@gmail.com,doctor
Sharai,Lamoree,Sharai.Lamoree@yopmail.com,Sharai.Lamoree@gmail.com,doctor
Frances,Stevy,Frances.Stevy@yopmail.com,Frances.Stevy@gmail.com,police officer
Almeta,Pitt,Almeta.Pitt@yopmail.com,Almeta.Pitt@gmail.com,doctor
Josephine,Bultman,Josephine.Bultman@yopmail.com,Josephine.Bultman@gmail.com,firefighter
Dorice,Ulphia,Dorice.Ulphia@yopmail.com,Dorice.Ulphia@gmail.com,firefighter